val_loss,val_acc,epoch,step
0.43548521399497986,0.8871999979019165,0,214
0.31588104367256165,0.909600019454956,1,429
0.2707338333129883,0.9215999841690063,2,644
